#,Name,Type_1,Type_2,Total,HP,Attack,Defense,Sp.Atk,Sp.Def,Speed,Generation,Legendary
292,Shedinja,Bug,Ghost,708,25,130,171,173,96,113,3,FALSE
50,Diglett,Ground,,1006,254,155,237,129,218,13,1,FALSE
129,Magikarp,Water,,811,164,201,28,92,147,179,1,FALSE
172,Pichu,Electric,,972,1,90,232,191,224,234,2,FALSE
213,Shuckle,Bug,Rock,467,29,130,29,67,51,161,2,FALSE
349,Feebas,Water,,835,18,137,235,78,197,170,3,FALSE
355,Duskull,Ghost,,806,178,150,216,66,34,162,3,FALSE
439,Mime Jr.,Psychic,Fairy,1084,211,237,170,197,145,124,4,FALSE
63,Abra,Psychic,,571,123,11,89,29,186,133,1,FALSE
81,Magnemite,Electric,Steel,914,216,134,176,73,230,85,1,FALSE
280,Ralts,Psychic,Fairy,869,170,176,175,168,4,176,3,FALSE
19,Rattata,Normal,,618,5,174,207,15,131,86,1,FALSE
90,Shellder,Water,,553,112,58,41,246,19,77,1,FALSE
92,Gastly,Ghost,Poison,1061,243,145,118,251,155,149,1,FALSE
98,Krabby,Water,,1070,248,250,195,146,171,60,1,FALSE
116,Horsea,Water,,853,60,76,132,234,209,142,1,FALSE
120,Staryu,Water,,736,96,90,153,228,154,15,1,FALSE
140,Kabuto,Rock,Water,684,65,186,24,57,196,156,1,FALSE
191,Sunkern,Grass,,573,100,161,19,36,193,64,2,FALSE
299,Nosepass,Rock,,997,187,113,141,236,132,188,3,FALSE
307,Meditite,Fighting,Psychic,708,75,207,71,92,177,86,3,FALSE
410,Shieldon,Rock,Steel,715,164,103,177,244,19,8,4,FALSE
415,Combee,Bug,Flying,546,76,9,81,180,92,108,4,FALSE
543,Venipede,Bug,Poison,506,12,134,63,181,54,62,5,FALSE
290,Nincada,Bug,Ground,911,35,253,210,135,74,204,3,FALSE
23,Ekans,Poison,,1026,225,132,212,0,251,206,1,FALSE
25,Pikachu,Electric,,399,34,99,11,2,234,19,1,FALSE
46,Paras,Bug,Grass,978,164,145,108,255,200,106,1,FALSE
51,Dugtrio,Ground,,783,173,93,242,83,181,11,1,FALSE
84,Doduo,Normal,Flying,846,226,64,216,34,133,173,1,FALSE
95,Onix,Rock,Ground,706,113,60,91,223,172,47,1,FALSE
138,Omanyte,Rock,Water,973,223,209,223,21,88,209,1,FALSE
161,Sentret,Normal,,902,140,170,54,217,221,100,2,FALSE
175,Togepi,Fairy,,663,34,197,11,42,157,222,2,FALSE
187,Hoppip,Grass,Flying,1106,174,62,240,204,188,238,2,FALSE
223,Remoraid,Water,,1001,151,180,221,245,124,80,2,FALSE
236,Tyrogue,Fighting,,856,234,71,204,224,43,80,2,FALSE
261,Poochyena,Dark,,844,45,117,228,214,88,152,3,FALSE
366,Clamperl,Water,,757,118,49,209,122,152,107,3,FALSE
602,Tynamo,Electric,,667,18,123,99,233,125,69,5,FALSE
582,Vanillite,Ice,,716,221,48,187,53,2,205,5,FALSE
401,Kricketot,Bug,,518,99,13,60,117,13,216,4,FALSE
37,Vulpix,Fire,,849,124,229,60,239,180,17,1,FALSE
263,Zigzagoon,Normal,,768,150,85,241,8,225,59,3,FALSE
281,Kirlia,Psychic,Fairy,585,54,168,243,86,22,12,3,FALSE
562,Yamask,Ghost,,409,1,37,9,198,136,28,5,FALSE
659,Bunnelby,Normal,,650,211,122,0,170,147,0,6,FALSE
664,Scatterbug,Bug,,1050,164,200,227,34,247,178,6,FALSE
4,Charmander,Fire,,892,240,26,162,32,202,230,1,FALSE
155,Cyndaquil,Fire,,871,204,64,241,212,107,43,2,FALSE
13,Weedle,Bug,Poison,614,253,9,96,135,43,78,1,FALSE
16,Pidgey,Normal,Flying,605,88,25,220,68,154,50,1,FALSE
21,Spearow,Normal,Flying,763,119,245,198,6,95,100,1,FALSE
41,Zubat,Poison,Flying,773,230,101,51,4,255,132,1,FALSE
52,Meowth,Normal,,742,27,179,195,138,196,7,1,FALSE
56,Mankey,Fighting,,531,175,90,42,19,43,162,1,FALSE
60,Poliwag,Water,,652,119,48,250,179,52,4,1,FALSE
64,Kadabra,Psychic,,658,60,83,92,162,74,187,1,FALSE
72,Tentacool,Water,Poison,668,134,149,183,108,61,33,1,FALSE
74,Geodude,Rock,Ground,555,204,23,32,116,105,75,1,FALSE
100,Voltorb,Electric,,440,67,157,132,14,43,27,1,FALSE
109,Koffing,Poison,,596,69,167,154,37,166,3,1,FALSE
122,Mr. Mime,Psychic,Fairy,841,98,125,178,162,176,102,1,FALSE
165,Ledyba,Bug,Flying,828,190,28,193,147,147,123,2,FALSE
167,Spinarak,Bug,Poison,725,227,11,2,220,228,37,2,FALSE
177,Natu,Psychic,Flying,1024,76,216,153,229,98,252,2,FALSE
218,Slugma,Fire,,629,3,98,56,111,208,153,2,FALSE
252,Treecko,Grass,,794,134,157,100,198,3,202,3,FALSE
270,Lotad,Water,Grass,1141,232,233,143,228,53,252,3,FALSE
273,Seedot,Grass,,719,62,220,207,119,89,22,3,FALSE
276,Taillow,Normal,Flying,746,17,150,83,147,167,182,3,FALSE
278,Wingull,Water,Flying,607,243,6,13,132,11,202,3,FALSE
283,Surskit,Bug,Water,753,113,78,163,82,66,251,3,FALSE
309,Electrike,Electric,,820,232,231,55,127,95,80,3,FALSE
343,Baltoy,Ground,Psychic,690,48,250,185,22,19,166,3,FALSE
356,Dusclops,Ghost,,697,44,190,228,19,216,0,3,FALSE
374,Beldum,Steel,Psychic,906,178,233,4,215,118,158,3,FALSE
396,Starly,Normal,Flying,645,143,124,151,31,144,52,4,FALSE
406,Budew,Grass,Poison,714,16,45,222,95,195,141,4,FALSE
412,Burmy,Bug,,948,137,211,140,16,252,192,4,FALSE
447,Riolu,Fighting,,682,203,254,3,80,83,59,4,FALSE
451,Skorupi,Poison,Bug,537,105,139,26,30,198,39,4,FALSE
544,Whirlipede,Bug,Poison,802,201,40,235,215,89,22,5,FALSE
546,Cottonee,Grass,Fairy,1031,229,96,213,152,98,243,5,FALSE
570,Zorua,Dark,,892,145,158,206,198,140,45,5,FALSE
599,Klink,Steel,,813,169,36,222,148,81,157,5,FALSE
653,Fennekin,Fire,,841,49,195,146,230,117,104,6,FALSE
714,Noibat,Flying,Dragon,957,116,162,161,170,198,150,6,FALSE
147,Dratini,Dragon,,691,1,163,62,99,152,214,1,FALSE
509,Purrloin,Dark,,867,47,76,193,227,82,242,5,FALSE
656,Froakie,Water,,1133,165,216,149,196,160,247,6,FALSE
688,Binacle,Rock,Water,872,135,182,175,139,176,65,6,FALSE
341,Corphish,Water,,954,195,161,147,240,139,72,3,FALSE
370,Luvdisc,Water,,1034,94,247,182,246,252,13,3,FALSE
708,Phantump,Ghost,Grass,625,48,193,211,151,10,12,6,FALSE
7,Squirtle,Water,,694,21,189,19,171,225,69,1,FALSE
353,Shuppet,Ghost,,871,104,197,230,118,87,135,3,FALSE
390,Chimchar,Fire,,774,65,82,211,203,51,162,4,FALSE
597,Ferroseed,Grass,Steel,629,249,134,28,101,115,2,5,FALSE
669,Flabébé,Fairy,,573,10,35,139,100,252,37,6,FALSE
694,Helioptile,Electric,Normal,576,69,57,45,162,114,129,6,FALSE
710,PumpkabooSmall Size,Ghost,Grass,376,2,204,31,110,9,20,6,FALSE
1,Bulbasaur,Grass,Poison,610,43,218,134,27,52,136,1,FALSE
10,Caterpie,Bug,,548,200,43,84,36,178,7,1,FALSE
14,Kakuna,Bug,Poison,645,198,82,35,128,37,165,1,FALSE
43,Oddish,Grass,Poison,575,155,10,70,98,19,223,1,FALSE
93,Haunter,Ghost,Poison,466,2,207,1,39,75,142,1,FALSE
118,Goldeen,Water,,668,35,166,106,133,134,94,1,FALSE
152,Chikorita,Grass,,1073,176,56,229,236,185,191,2,FALSE
225,Delibird,Ice,Flying,769,87,37,228,126,116,175,2,FALSE
228,Houndour,Dark,Fire,839,96,51,240,146,122,184,2,FALSE
238,Smoochum,Ice,Psychic,447,120,43,4,26,188,66,2,FALSE
239,Elekid,Electric,,990,211,116,199,203,188,73,2,FALSE
240,Magby,Fire,,1041,69,219,175,176,186,216,2,FALSE
255,Torchic,Fire,,794,227,214,155,160,22,16,3,FALSE
265,Wurmple,Bug,,1033,125,198,139,143,234,194,3,FALSE
318,Carvanha,Water,Dark,456,55,242,11,20,101,27,3,FALSE
328,Trapinch,Ground,,834,102,231,232,27,23,219,3,FALSE
333,Swablu,Normal,Flying,608,65,234,7,13,67,222,3,FALSE
347,Anorith,Rock,Bug,1020,221,158,137,150,120,234,3,FALSE
371,Bagon,Dragon,,867,229,197,189,183,22,47,3,FALSE
403,Shinx,Electric,,603,93,68,2,99,186,155,4,FALSE
420,Cherubi,Grass,,1171,157,214,220,179,211,190,4,FALSE
433,Chingling,Psychic,,703,155,182,74,87,15,190,4,FALSE
458,Mantyke,Water,Flying,605,18,26,39,73,248,201,4,FALSE
477,Dusknoir,Ghost,,586,35,56,242,91,53,109,4,FALSE
495,Snivy,Grass,,739,101,110,112,127,226,63,5,FALSE
504,Patrat,Normal,,619,153,4,241,24,125,72,5,FALSE
506,Lillipup,Normal,,515,40,107,183,68,19,98,5,FALSE
522,Blitzle,Electric,,699,71,20,250,77,79,202,5,FALSE
540,Sewaddle,Bug,Grass,716,132,28,138,152,112,154,5,FALSE
548,Petilil,Grass,,675,227,161,56,19,186,26,5,FALSE
574,Gothita,Psychic,,570,7,56,197,120,52,138,5,FALSE
577,Solosis,Psychic,,1082,61,182,130,249,215,245,5,FALSE
619,Mienfoo,Fighting,,847,157,10,188,206,93,193,5,FALSE
624,Pawniard,Dark,Steel,654,177,151,144,3,178,1,5,FALSE
661,Fletchling,Normal,Flying,727,168,204,124,33,51,147,6,FALSE
665,Spewpa,Bug,,255,92,71,6,8,78,0,6,FALSE
679,Honedge,Steel,Ghost,839,230,228,86,97,0,198,6,FALSE
704,Goomy,Dragon,,763,153,186,165,65,102,92,6,FALSE
32,Nidoran♂,Poison,,993,236,123,124,241,105,164,1,FALSE
610,Axew,Dragon,,897,233,213,152,210,42,47,5,FALSE
132,Ditto,Normal,,522,147,68,67,191,4,45,1,FALSE
201,Unown,Psychic,,883,217,210,101,40,149,166,2,FALSE
453,Croagunk,Poison,Fighting,875,114,179,208,199,103,72,4,FALSE
431,Glameow,Normal,,748,160,27,200,78,45,238,4,FALSE
456,Finneon,Water,,784,204,222,100,143,79,36,4,FALSE
710,PumpkabooAverage Size,Ghost,Grass,719,115,39,86,238,103,138,6,FALSE
11,Metapod,Bug,,837,180,61,130,108,104,254,1,FALSE
27,Sandshrew,Ground,,746,79,185,206,138,107,31,1,FALSE
54,Psyduck,Water,,606,152,238,107,87,20,2,1,FALSE
69,Bellsprout,Grass,Poison,645,47,95,242,217,38,6,1,FALSE
77,Ponyta,Fire,,949,113,166,204,33,188,245,1,FALSE
82,Magneton,Electric,Steel,543,128,231,1,106,48,29,1,FALSE
91,Cloyster,Water,Ice,897,129,162,39,128,242,197,1,FALSE
104,Cubone,Ground,,636,41,92,35,184,216,68,1,FALSE
106,Hitmonlee,Fighting,,1088,110,51,232,232,252,211,1,FALSE
107,Hitmonchan,Fighting,,706,234,69,30,30,219,124,1,FALSE
158,Totodile,Water,,675,249,77,26,191,132,0,2,FALSE
173,Cleffa,Fairy,,951,238,38,250,78,117,230,2,FALSE
204,Pineco,Bug,,356,58,134,112,4,40,8,2,FALSE
219,Magcargo,Fire,Rock,569,121,116,2,192,87,51,2,FALSE
220,Swinub,Ice,Ground,703,50,233,122,15,222,61,2,FALSE
237,Hitmontop,Fighting,,853,254,180,19,215,113,72,2,FALSE
246,Larvitar,Rock,Ground,679,52,123,132,32,94,246,2,FALSE
253,Grovyle,Grass,,882,161,1,75,188,233,224,3,FALSE
258,Mudkip,Water,,696,28,247,220,2,69,130,3,FALSE
266,Silcoon,Bug,,1165,240,168,130,184,242,201,3,FALSE
268,Cascoon,Bug,,648,86,158,159,150,38,57,3,FALSE
298,Azurill,Normal,Fairy,466,17,88,104,93,111,53,3,FALSE
300,Skitty,Normal,,878,56,70,231,209,218,94,3,FALSE
302,Sableye,Dark,Ghost,911,128,249,254,78,138,64,3,FALSE
302,SableyeMega Sableye,Dark,Ghost,450,54,122,105,10,86,73,3,FALSE
303,Mawile,Steel,Fairy,859,91,220,54,85,220,189,3,FALSE
303,MawileMega Mawile,Steel,Fairy,809,239,21,201,66,68,214,3,FALSE
304,Aron,Steel,Rock,806,178,128,224,83,153,40,3,FALSE
315,Roselia,Grass,Poison,625,120,152,125,89,100,39,3,FALSE
329,Vibrava,Ground,Dragon,756,186,119,91,147,193,20,3,FALSE
331,Cacnea,Grass,,1055,158,250,22,242,164,219,3,FALSE
339,Barboach,Water,Ground,810,72,8,235,107,254,134,3,FALSE
361,Snorunt,Ice,,866,240,33,135,149,88,221,3,FALSE
386,DeoxysNormal Forme,Psychic,,602,169,78,35,79,97,144,3,TRUE
386,DeoxysAttack Forme,Psychic,,606,22,159,71,13,222,119,3,TRUE
386,DeoxysDefense Forme,Psychic,,825,11,31,242,149,200,192,3,TRUE
386,DeoxysSpeed Forme,Psychic,,928,188,239,41,232,203,25,3,TRUE
438,Bonsly,Rock,,383,97,69,19,91,96,11,4,FALSE
442,Spiritomb,Ghost,Dark,625,137,145,97,215,1,30,4,FALSE
479,Rotom,Electric,Ghost,647,3,96,244,52,240,12,4,FALSE
479,RotomHeat Rotom,Electric,Fire,724,24,141,172,151,46,190,4,FALSE
479,RotomWash Rotom,Electric,Water,683,223,118,12,33,101,196,4,FALSE
479,RotomFrost Rotom,Electric,Ice,941,179,236,67,166,160,133,4,FALSE
479,RotomFan Rotom,Electric,Flying,973,155,182,118,125,228,165,4,FALSE
479,RotomMow Rotom,Electric,Grass,554,40,20,194,43,115,142,4,FALSE
511,Pansage,Grass,,555,146,52,94,15,150,98,5,FALSE
513,Pansear,Fire,,639,151,44,148,149,3,144,5,FALSE
515,Panpour,Water,,842,200,212,81,69,239,41,5,FALSE
519,Pidove,Normal,Flying,503,37,46,116,106,12,186,5,FALSE
535,Tympole,Water,,716,142,117,143,92,221,1,5,FALSE
551,Sandile,Ground,Dark,669,153,144,104,22,178,68,5,FALSE
557,Dwebble,Bug,Rock,905,165,218,102,143,157,120,5,FALSE
559,Scraggy,Dark,Fighting,732,206,1,250,31,129,115,5,FALSE
568,Trubbish,Poison,,323,17,121,133,5,2,45,5,FALSE
588,Karrablast,Bug,,823,112,195,113,81,254,68,5,FALSE
595,Joltik,Bug,Electric,453,15,64,129,75,118,52,5,FALSE
607,Litwick,Ghost,Fire,783,170,235,69,50,41,218,5,FALSE
616,Shelmet,Bug,,1002,95,209,158,190,179,171,5,FALSE
690,Skrelp,Poison,Water,693,173,118,87,98,136,81,6,FALSE
692,Clauncher,Water,,851,192,209,178,11,62,199,6,FALSE
703,Carbink,Rock,Fairy,663,108,10,0,128,222,195,6,FALSE
719,Diancie,Rock,Fairy,348,65,31,74,57,109,12,6,TRUE
719,DiancieMega Diancie,Rock,Fairy,882,139,252,246,25,24,196,6,TRUE
583,Vanillish,Ice,,717,116,87,172,55,150,137,5,FALSE
83,Farfetch'd,Normal,Flying,956,150,193,94,126,168,225,1,FALSE
633,Deino,Dark,Dragon,627,221,86,101,101,48,70,5,FALSE
393,Piplup,Water,,251,2,154,9,28,35,23,4,FALSE
686,Inkay,Dark,Psychic,1010,230,174,156,226,180,44,6,FALSE
564,Tirtouga,Water,Rock,820,125,40,138,20,248,249,5,FALSE
657,Frogadier,Water,,1031,25,225,124,240,213,204,6,FALSE
670,Floette,Fairy,,480,46,49,45,79,232,29,6,FALSE
710,PumpkabooLarge Size,Ghost,Grass,849,142,208,69,233,59,138,6,FALSE
20,Raticate,Normal,,750,53,133,118,50,174,222,1,FALSE
29,Nidoran♀,Poison,,675,16,142,160,123,62,172,1,FALSE
58,Growlithe,Fire,,657,199,12,66,217,104,59,1,FALSE
65,Alakazam,Psychic,,766,9,114,208,241,4,190,1,FALSE
65,AlakazamMega Alakazam,Psychic,,560,20,74,159,152,116,39,1,FALSE
75,Graveler,Rock,Ground,936,5,243,222,160,246,60,1,FALSE
99,Kingler,Water,,877,161,104,248,22,107,235,1,FALSE
117,Seadra,Water,,757,150,38,65,116,243,145,1,FALSE
133,Eevee,Normal,,762,13,217,11,51,243,227,1,FALSE
166,Ledian,Bug,Flying,853,26,103,110,240,237,137,2,FALSE
176,Togetic,Fairy,Flying,997,248,55,204,166,179,145,2,FALSE
179,Mareep,Electric,,994,162,166,103,205,121,237,2,FALSE
188,Skiploom,Grass,Flying,915,223,229,116,243,67,37,2,FALSE
190,Aipom,Normal,,798,66,10,180,170,129,243,2,FALSE
194,Wooper,Water,Ground,497,29,50,135,94,187,2,2,FALSE
215,Sneasel,Dark,Ice,965,163,209,211,110,46,226,2,FALSE
222,Corsola,Water,Rock,909,85,213,239,29,129,214,2,FALSE
235,Smeargle,Normal,,626,94,195,52,156,71,58,2,FALSE
367,Huntail,Water,,648,190,7,151,135,72,93,3,FALSE
368,Gorebyss,Water,,769,29,181,44,237,27,251,3,FALSE
387,Turtwig,Grass,,895,239,75,251,109,103,118,4,FALSE
397,Staravia,Normal,Flying,581,17,71,64,126,65,238,4,FALSE
418,Buizel,Water,,760,168,178,120,7,199,88,4,FALSE
427,Buneary,Normal,,824,135,192,63,189,52,193,4,FALSE
501,Oshawott,Water,,920,237,255,3,130,127,168,5,FALSE
524,Roggenrola,Rock,,1191,252,238,194,223,212,72,5,FALSE
527,Woobat,Psychic,Flying,852,117,228,102,5,180,220,5,FALSE
541,Swadloon,Bug,Grass,684,184,34,41,197,80,148,5,FALSE
566,Archen,Rock,Flying,1070,236,227,249,175,170,13,5,FALSE
572,Minccino,Normal,,1001,196,110,210,228,193,64,5,FALSE
587,Emolga,Electric,Flying,363,5,126,86,23,99,24,5,FALSE
592,Frillish,Water,Ghost,922,99,186,234,194,198,11,5,FALSE
605,Elgyem,Psychic,,789,93,14,135,95,201,251,5,FALSE
613,Cubchoo,Ice,,977,191,95,154,249,177,111,5,FALSE
636,Larvesta,Bug,Fire,572,191,1,103,29,161,87,5,FALSE
711,GourgeistSmall Size,Ghost,Grass,664,137,227,18,18,56,208,6,FALSE
712,Bergmite,Ice,,762,226,113,42,176,9,196,6,FALSE
650,Chespin,Grass,,952,168,108,158,244,68,206,6,FALSE
436,Bronzor,Steel,Psychic,652,126,121,113,34,26,232,4,FALSE
707,Klefki,Steel,Fairy,612,86,92,106,198,59,71,6,FALSE
5,Charmeleon,Fire,,570,88,40,102,184,111,45,1,FALSE
156,Quilava,Fire,,931,248,21,158,184,88,232,2,FALSE
443,Gible,Dragon,Ground,1060,180,193,161,247,166,113,4,FALSE
563,Cofagrigus,Ghost,,666,90,209,199,13,35,120,5,FALSE
632,Durant,Bug,Steel,909,254,16,154,117,235,133,5,FALSE
696,Tyrunt,Rock,Dragon,485,203,19,32,35,83,113,6,FALSE
8,Wartortle,Water,,587,1,244,2,40,116,184,1,FALSE
399,Bidoof,Normal,,696,103,41,49,231,134,138,4,FALSE
622,Golett,Ground,Ghost,702,187,35,113,1,201,165,5,FALSE
654,Braixen,Fire,,854,211,105,209,98,155,76,6,FALSE
680,Doublade,Steel,Ghost,667,19,224,150,55,58,161,6,FALSE
710,PumpkabooSuper Size,Ghost,Grass,768,23,174,248,100,7,216,6,FALSE
2,Ivysaur,Grass,Poison,944,202,115,245,57,243,82,1,FALSE
12,Butterfree,Bug,Flying,535,52,129,95,108,85,66,1,FALSE
24,Arbok,Poison,,657,9,30,27,241,254,96,1,FALSE
26,Raichu,Electric,,558,97,125,38,77,87,134,1,FALSE
44,Gloom,Grass,Poison,840,192,253,170,7,129,89,1,FALSE
47,Parasect,Bug,Grass,993,204,183,242,98,41,225,1,FALSE
48,Venonat,Bug,Poison,701,77,87,222,135,13,167,1,FALSE
85,Dodrio,Normal,Flying,511,106,23,28,136,213,5,1,FALSE
94,Gengar,Ghost,Poison,866,140,199,159,241,3,124,1,FALSE
94,GengarMega Gengar,Ghost,Poison,817,78,230,98,50,170,191,1,FALSE
96,Drowzee,Psychic,,890,169,206,197,27,248,43,1,FALSE
101,Electrode,Electric,,814,194,89,89,19,191,232,1,FALSE
102,Exeggcute,Grass,Psychic,968,172,252,153,142,190,59,1,FALSE
105,Marowak,Ground,,723,143,224,97,29,131,99,1,FALSE
121,Starmie,Water,Psychic,724,92,75,122,106,207,122,1,FALSE
141,Kabutops,Rock,Water,866,198,205,142,152,164,5,1,FALSE
153,Bayleef,Grass,,1174,231,224,185,203,97,234,2,FALSE
163,Hoothoot,Normal,Flying,851,170,131,2,244,151,153,2,FALSE
198,Murkrow,Dark,Flying,960,35,242,194,126,226,137,2,FALSE
200,Misdreavus,Ghost,,814,129,175,255,131,82,42,2,FALSE
209,Snubbull,Fairy,,749,173,191,141,33,8,203,2,FALSE
216,Teddiursa,Normal,,718,133,192,36,169,158,30,2,FALSE
256,Combusken,Fire,Fighting,562,75,64,130,133,160,0,3,FALSE
267,Beautifly,Bug,Flying,669,75,84,180,169,114,47,3,FALSE
269,Dustox,Bug,Poison,870,184,44,223,247,99,73,3,FALSE
271,Lombre,Water,Grass,551,76,95,57,73,23,227,3,FALSE
277,Swellow,Normal,Flying,820,247,223,15,249,50,36,3,FALSE
279,Pelipper,Water,Flying,734,155,193,189,10,2,185,3,FALSE
285,Shroomish,Grass,,940,198,107,236,103,247,49,3,FALSE
286,Breloom,Grass,Fighting,714,168,54,247,159,0,86,3,FALSE
287,Slakoth,Normal,,389,59,17,14,92,43,164,3,FALSE
305,Lairon,Steel,Rock,944,245,20,117,233,250,79,3,FALSE
308,Medicham,Fighting,Psychic,503,54,60,128,33,78,150,3,FALSE
308,MedichamMega Medicham,Fighting,Psychic,444,27,18,36,113,129,121,3,FALSE
311,Plusle,Electric,,657,11,170,100,192,98,86,3,FALSE
312,Minun,Electric,,744,159,23,71,83,192,216,3,FALSE
322,Numel,Fire,Ground,949,130,223,210,198,100,88,3,FALSE
325,Spoink,Psychic,,654,211,54,81,70,224,14,3,FALSE
327,Spinda,Normal,,624,113,33,108,223,48,99,3,FALSE
344,Claydol,Ground,Psychic,476,50,200,89,10,10,117,3,FALSE
352,Kecleon,Normal,,679,52,185,58,59,225,100,3,FALSE
375,Metang,Steel,Psychic,1126,210,245,178,112,154,227,3,FALSE
404,Luxio,Electric,,421,32,127,63,11,30,158,4,FALSE
407,Roserade,Grass,Poison,638,226,24,229,54,71,34,4,FALSE
411,Bastiodon,Rock,Steel,1012,58,231,239,249,151,84,4,FALSE
413,WormadamPlant Cloak,Bug,Grass,836,158,142,148,90,79,219,4,FALSE
413,WormadamSandy Cloak,Bug,Ground,826,59,244,92,173,16,242,4,FALSE
413,WormadamTrash Cloak,Bug,Steel,749,115,4,129,112,170,219,4,FALSE
417,Pachirisu,Electric,,565,85,9,184,124,110,53,4,FALSE
429,Mismagius,Ghost,,770,55,27,32,223,223,210,4,FALSE
459,Snover,Grass,Ice,866,70,255,93,166,217,65,4,FALSE
476,Probopass,Rock,Steel,995,145,96,191,113,227,223,4,FALSE
496,Servine,Grass,,787,127,237,212,97,103,11,5,FALSE
505,Watchog,Normal,,872,110,28,176,221,230,107,5,FALSE
529,Drilbur,Ground,,955,158,209,143,208,202,35,5,FALSE
545,Scolipede,Bug,Poison,671,21,191,140,141,86,92,5,FALSE
547,Whimsicott,Grass,Fairy,931,105,194,173,54,167,238,5,FALSE
552,Krokorok,Ground,Dark,722,142,192,150,2,164,72,5,FALSE
571,Zoroark,Dark,,799,221,139,253,71,36,79,5,FALSE
575,Gothorita,Psychic,,738,197,105,29,121,203,83,5,FALSE
585,Deerling,Normal,Grass,848,70,23,141,164,197,253,5,FALSE
600,Klang,Steel,,1048,108,166,131,236,231,176,5,FALSE
601,Klinklang,Steel,,790,59,185,226,48,143,129,5,FALSE
608,Lampent,Ghost,Fire,696,132,32,64,246,65,157,5,FALSE
609,Chandelure,Ghost,Fire,881,227,202,97,130,131,94,5,FALSE
681,AegislashBlade Forme,Steel,Ghost,1014,225,253,61,112,211,152,6,FALSE
681,AegislashShield Forme,Steel,Ghost,573,49,127,16,109,182,90,6,FALSE
33,Nidorino,Poison,,914,131,103,178,188,125,189,1,FALSE
148,Dragonair,Dragon,,716,25,179,76,255,144,37,1,FALSE
291,Ninjask,Bug,Flying,507,213,36,114,72,41,31,3,FALSE
651,Quilladin,Grass,,1143,237,154,219,152,224,157,6,FALSE
520,Tranquill,Normal,Flying,782,134,255,4,108,111,170,5,FALSE
580,Ducklett,Water,Flying,1294,245,255,236,90,230,238,5,FALSE
662,Fletchinder,Fire,Flying,469,8,104,92,76,90,99,6,FALSE
667,Litleo,Fire,Normal,662,4,129,65,160,168,136,6,FALSE
677,Espurr,Psychic,,918,110,111,171,201,130,195,6,FALSE
684,Swirlix,Fairy,,624,21,103,98,218,35,149,6,FALSE
695,Heliolisk,Electric,Normal,713,198,138,133,92,61,91,6,FALSE
17,Pidgeotto,Normal,Flying,884,211,155,67,178,56,217,1,FALSE
342,Crawdaunt,Water,Dark,690,157,146,29,212,116,30,3,FALSE
434,Stunky,Poison,Dark,863,215,126,200,146,91,85,4,FALSE
293,Whismur,Normal,,565,83,77,20,181,193,11,3,FALSE
354,Banette,Ghost,,1024,197,145,85,173,195,229,3,FALSE
354,BanetteMega Banette,Ghost,,1001,130,159,233,250,11,218,3,FALSE
391,Monferno,Fire,Fighting,697,30,91,103,179,94,200,4,FALSE
394,Prinplup,Water,,833,134,222,19,183,215,60,4,FALSE
510,Liepard,Dark,,449,129,88,111,72,24,25,5,FALSE
15,Beedrill,Bug,Poison,571,200,230,8,4,9,120,1,FALSE
15,BeedrillMega Beedrill,Bug,Poison,825,155,184,99,93,192,102,1,FALSE
22,Fearow,Normal,Flying,574,48,39,85,204,104,94,1,FALSE
53,Persian,Normal,,645,110,109,62,123,190,51,1,FALSE
57,Primeape,Fighting,,795,117,128,68,225,229,28,1,FALSE
61,Poliwhirl,Water,,905,208,204,213,191,87,2,1,FALSE
70,Weepinbell,Grass,Poison,685,187,185,183,4,49,77,1,FALSE
78,Rapidash,Fire,,884,129,159,82,255,118,141,1,FALSE
86,Seel,Water,,671,235,56,93,116,3,168,1,FALSE
110,Weezing,Poison,,689,102,37,93,197,56,204,1,FALSE
114,Tangela,Grass,,679,203,85,119,202,51,19,1,FALSE
124,Jynx,Ice,Psychic,351,15,105,21,8,129,73,1,FALSE
125,Electabuzz,Electric,,293,83,76,26,14,23,71,1,FALSE
126,Magmar,Fire,,991,245,125,81,157,185,198,1,FALSE
127,Pinsir,Bug,,654,30,138,116,58,70,242,1,FALSE
127,PinsirMega Pinsir,Bug,Flying,856,234,168,40,111,164,139,1,FALSE
135,Jolteon,Electric,,980,249,105,210,180,45,191,1,FALSE
136,Flareon,Fire,,727,151,18,212,17,156,173,1,FALSE
137,Porygon,Normal,,758,174,56,217,79,14,218,1,FALSE
159,Croconaw,Water,,745,207,45,25,26,243,199,2,FALSE
178,Xatu,Psychic,Flying,618,137,126,12,4,177,162,2,FALSE
193,Yanma,Bug,Flying,897,122,206,249,68,140,112,2,FALSE
196,Espeon,Psychic,,803,231,84,69,217,26,176,2,FALSE
207,Gligar,Ground,Flying,875,124,191,247,179,27,107,2,FALSE
211,Qwilfish,Water,Poison,764,135,252,121,83,64,109,2,FALSE
226,Mantine,Water,Flying,668,36,137,221,61,196,17,2,FALSE
227,Skarmory,Steel,Flying,647,113,69,195,143,84,43,2,FALSE
313,Volbeat,Bug,,626,255,105,87,14,143,22,3,FALSE
314,Illumise,Bug,,586,187,31,38,119,17,194,3,FALSE
358,Chimecho,Psychic,,883,60,61,162,217,185,198,3,FALSE
359,Absol,Dark,,1055,242,63,151,242,135,222,3,FALSE
359,AbsolMega Absol,Dark,,494,51,75,13,216,14,125,3,FALSE
372,Shelgon,Dragon,,715,151,44,87,81,158,194,3,FALSE
428,Lopunny,Normal,,972,130,237,54,242,55,254,4,FALSE
428,LopunnyMega Lopunny,Normal,Fighting,717,35,234,41,17,238,152,4,FALSE
470,Leafeon,Grass,,725,30,175,168,61,90,201,4,FALSE
471,Glaceon,Ice,,704,152,227,52,125,129,19,4,FALSE
498,Tepig,Fire,,1023,124,181,255,84,165,214,5,FALSE
507,Herdier,Normal,,470,62,5,57,11,253,82,5,FALSE
560,Scrafty,Dark,Fighting,548,59,233,8,20,18,210,5,FALSE
578,Duosion,Psychic,,668,3,42,184,159,142,138,5,FALSE
603,Eelektrik,Electric,,742,1,156,11,207,189,178,5,FALSE
620,Mienshao,Fighting,,859,228,7,108,205,202,109,5,FALSE
625,Bisharp,Dark,Steel,497,62,22,109,43,132,129,5,FALSE
691,Dragalge,Poison,Dragon,784,49,69,19,239,237,171,6,FALSE
711,GourgeistAverage Size,Ghost,Grass,647,124,119,2,158,224,20,6,FALSE
345,Lileep,Rock,Grass,1084,226,252,120,68,250,168,3,FALSE
611,Fraxure,Dragon,,686,154,1,18,63,216,234,5,FALSE
672,Skiddo,Grass,,746,50,203,130,128,94,141,6,FALSE
408,Cranidos,Rock,,977,105,198,57,187,239,191,4,FALSE
437,Bronzong,Steel,Psychic,743,66,86,158,45,213,175,4,FALSE
528,Swoobat,Psychic,Flying,842,185,150,12,119,138,238,5,FALSE
674,Pancham,Fighting,,954,240,76,40,238,165,195,6,FALSE
702,Dedenne,Electric,Fairy,838,113,133,78,253,154,107,6,FALSE
282,Gardevoir,Psychic,Fairy,539,195,3,90,33,73,145,3,FALSE
282,GardevoirMega Gardevoir,Psychic,Fairy,786,162,13,137,27,204,243,3,FALSE
444,Gabite,Dragon,Ground,411,104,5,14,167,81,40,4,FALSE
449,Hippopotas,Ground,,749,23,58,179,188,234,67,4,FALSE
475,Gallade,Psychic,Fighting,1138,232,176,233,223,161,113,4,FALSE
475,GalladeMega Gallade,Psychic,Fighting,771,199,83,151,133,183,22,4,FALSE
705,Sliggoo,Dragon,,743,14,167,145,135,41,241,6,FALSE
457,Lumineon,Water,,582,27,195,201,12,87,60,4,FALSE
590,Foongus,Grass,Poison,753,25,202,108,64,186,168,5,FALSE
30,Nidorina,Poison,,821,226,182,254,110,18,31,1,FALSE
35,Clefairy,Fairy,,985,231,180,110,184,32,248,1,FALSE
49,Venomoth,Bug,Poison,660,85,87,230,72,179,7,1,FALSE
66,Machop,Fighting,,570,144,14,110,6,51,245,1,FALSE
123,Scyther,Bug,Flying,748,185,242,138,44,69,70,1,FALSE
139,Omastar,Rock,Water,595,224,5,46,62,120,138,1,FALSE
168,Ariados,Bug,Poison,828,255,83,102,71,149,168,2,FALSE
180,Flaaffy,Electric,,944,53,46,222,183,240,200,2,FALSE
183,Marill,Water,Fairy,661,140,83,113,49,102,174,2,FALSE
185,Sudowoodo,Rock,,665,225,13,116,228,40,43,2,FALSE
203,Girafarig,Normal,Psychic,674,65,242,160,21,131,55,2,FALSE
212,Scizor,Bug,Steel,766,226,100,52,177,14,197,2,FALSE
212,ScizorMega Scizor,Bug,Steel,595,63,2,216,82,144,88,2,FALSE
247,Pupitar,Rock,Ground,735,21,236,45,33,207,193,2,FALSE
254,Sceptile,Grass,,875,56,172,180,220,209,38,3,FALSE
254,SceptileMega Sceptile,Grass,Dragon,679,116,66,174,29,216,78,3,FALSE
259,Marshtomp,Water,Ground,746,131,148,174,113,101,79,3,FALSE
262,Mightyena,Dark,,861,187,205,123,138,128,80,3,FALSE
274,Nuzleaf,Grass,Dark,229,18,86,87,19,11,8,3,FALSE
284,Masquerain,Bug,Flying,480,99,125,36,39,77,104,3,FALSE
301,Delcatty,Normal,,656,115,166,34,126,0,215,3,FALSE
306,Aggron,Steel,Rock,693,118,118,239,88,113,17,3,FALSE
306,AggronMega Aggron,Steel,,589,25,53,44,204,42,221,3,FALSE
310,Manectric,Electric,,1049,169,184,48,217,234,197,3,FALSE
310,ManectricMega Manectric,Electric,,462,99,94,29,43,178,19,3,FALSE
316,Gulpin,Poison,,757,129,205,35,243,81,64,3,FALSE
319,Sharpedo,Water,Dark,1006,52,241,253,105,104,251,3,FALSE
319,SharpedoMega Sharpedo,Water,Dark,783,133,249,131,179,1,90,3,FALSE
323,Camerupt,Fire,Ground,724,56,146,87,98,231,106,3,FALSE
323,CameruptMega Camerupt,Fire,Ground,809,83,42,219,218,66,181,3,FALSE
324,Torkoal,Fire,,729,171,72,114,7,116,249,3,FALSE
332,Cacturne,Grass,Dark,436,97,16,71,5,208,39,3,FALSE
337,Lunatone,Rock,Psychic,706,143,14,19,92,195,243,3,FALSE
338,Solrock,Rock,Psychic,1030,132,212,159,186,233,108,3,FALSE
351,Castform,Normal,,818,5,109,156,232,131,185,3,FALSE
363,Spheal,Ice,Water,700,75,148,50,16,192,219,3,FALSE
414,Mothim,Bug,Flying,901,156,104,223,205,110,103,4,FALSE
416,Vespiquen,Bug,Flying,284,4,27,6,168,58,21,4,FALSE
421,Cherrim,Grass,,412,44,7,89,63,125,84,4,FALSE
448,Lucario,Fighting,Steel,592,104,45,110,59,89,185,4,FALSE
448,LucarioMega Lucario,Fighting,Steel,963,130,198,174,94,192,175,4,FALSE
452,Drapion,Poison,Dark,672,19,85,44,151,190,183,4,FALSE
461,Weavile,Dark,Ice,743,129,83,163,180,15,173,4,FALSE
462,Magnezone,Electric,Steel,1015,127,254,188,153,46,247,4,FALSE
478,Froslass,Ice,Ghost,1056,206,74,179,234,184,179,4,FALSE
491,Darkrai,Dark,,545,232,27,43,72,140,31,4,TRUE
525,Boldore,Rock,,533,206,63,60,81,106,17,5,FALSE
549,Lilligant,Grass,,578,197,46,119,56,15,145,5,FALSE
550,Basculin,Water,,795,159,176,152,113,84,111,5,FALSE
554,Darumaka,Fire,,630,94,213,104,47,123,49,5,FALSE
558,Crustle,Bug,Rock,1054,130,123,246,224,236,95,5,FALSE
576,Gothitelle,Psychic,,536,233,4,75,6,146,72,5,FALSE
589,Escavalier,Bug,Steel,640,226,23,8,126,134,123,5,FALSE
596,Galvantula,Bug,Electric,775,43,157,251,0,190,134,5,FALSE
615,Cryogonal,Ice,,964,116,35,238,174,242,159,5,FALSE
627,Rufflet,Normal,Flying,728,67,207,57,130,142,125,5,FALSE
629,Vullaby,Dark,Flying,1006,137,156,170,251,225,67,5,FALSE
432,Purugly,Normal,,679,108,93,191,140,117,30,4,FALSE
584,Vanilluxe,Ice,,896,196,19,252,176,247,6,5,FALSE
649,Genesect,Bug,Steel,277,71,28,36,12,58,72,5,FALSE
693,Clawitzer,Water,,877,154,228,22,69,249,155,6,FALSE
296,Makuhita,Fighting,,587,14,145,56,33,208,131,3,FALSE
561,Sigilyph,Psychic,Flying,801,168,4,77,212,137,203,5,FALSE
634,Zweilous,Dark,Dragon,750,63,101,117,185,97,187,5,FALSE
658,Greninja,Water,Dark,787,221,96,159,106,22,183,6,FALSE
689,Barbaracle,Rock,Water,314,73,25,82,116,14,4,6,FALSE
38,Ninetales,Fire,,736,161,21,174,254,58,68,1,FALSE
234,Stantler,Normal,,650,61,87,151,173,153,25,2,FALSE
335,Zangoose,Normal,,804,42,246,213,95,64,144,3,FALSE
336,Seviper,Poison,,696,19,22,218,252,51,134,3,FALSE
455,Carnivine,Grass,,942,86,140,233,218,213,52,4,FALSE
565,Carracosta,Water,Rock,630,195,227,63,89,18,38,5,FALSE
598,Ferrothorn,Grass,Steel,698,255,70,146,168,22,37,5,FALSE
678,MeowsticMale,Psychic,,750,25,126,120,142,152,185,6,FALSE
678,MeowsticFemale,Psychic,,734,83,151,85,189,12,214,6,FALSE
28,Sandslash,Ground,,986,242,177,235,83,142,107,1,FALSE
42,Golbat,Poison,Flying,1098,248,236,233,110,37,234,1,FALSE
45,Vileplume,Grass,Poison,842,90,236,171,12,104,229,1,FALSE
128,Tauros,Normal,,487,127,57,239,8,19,37,1,FALSE
170,Chinchou,Water,Electric,903,172,227,87,205,34,178,2,FALSE
182,Bellossom,Grass,,715,107,129,80,63,244,92,2,FALSE
189,Jumpluff,Grass,Flying,845,174,70,140,45,232,184,2,FALSE
192,Sunflora,Grass,,773,218,83,221,180,62,9,2,FALSE
205,Forretress,Bug,Steel,498,92,11,56,33,225,81,2,FALSE
208,Steelix,Steel,Ground,1117,201,227,169,232,103,185,2,FALSE
208,SteelixMega Steelix,Steel,Ground,852,13,232,46,205,191,165,2,FALSE
224,Octillery,Water,,570,86,168,57,102,94,63,2,FALSE
229,Houndoom,Dark,Fire,707,160,103,216,36,102,90,2,FALSE
229,HoundoomMega Houndoom,Dark,Fire,634,61,32,65,162,70,244,2,FALSE
230,Kingdra,Water,Dragon,736,71,52,245,218,0,150,2,FALSE
334,Altaria,Dragon,Flying,543,32,65,211,43,92,100,3,FALSE
334,AltariaMega Altaria,Dragon,Fairy,608,0,3,61,226,164,154,3,FALSE
348,Armaldo,Rock,Bug,988,127,181,243,126,151,160,3,FALSE
388,Grotle,Grass,,649,116,97,18,26,235,157,4,FALSE
424,Ambipom,Normal,,398,52,72,118,36,92,28,4,FALSE
466,Electivire,Electric,,751,146,212,71,109,173,40,4,FALSE
467,Magmortar,Fire,,766,67,107,87,127,222,156,4,FALSE
472,Gliscor,Ground,Flying,628,186,64,62,38,58,220,4,FALSE
480,Uxie,Psychic,,840,136,121,245,198,21,119,4,TRUE
482,Azelf,Psychic,,753,65,80,150,230,113,115,4,TRUE
497,Serperior,Grass,,583,215,15,165,74,22,92,5,FALSE
502,Dewott,Water,,628,129,127,215,76,29,52,5,FALSE
512,Simisage,Grass,,799,124,254,197,84,60,80,5,FALSE
514,Simisear,Fire,,655,115,236,78,151,13,62,5,FALSE
516,Simipour,Water,,782,79,135,149,137,103,179,5,FALSE
523,Zebstrika,Electric,,910,163,83,118,90,201,255,5,FALSE
532,Timburr,Fighting,,909,41,252,31,255,243,87,5,FALSE
536,Palpitoad,Water,Ground,873,249,59,203,11,245,106,5,FALSE
539,Sawk,Fighting,,708,20,6,156,252,21,253,5,FALSE
542,Leavanny,Bug,Grass,673,184,169,88,37,17,178,5,FALSE
556,Maractus,Grass,,922,16,154,154,231,226,141,5,FALSE
567,Archeops,Rock,Flying,1055,240,169,243,94,135,174,5,FALSE
573,Cinccino,Normal,,654,237,48,69,14,81,205,5,FALSE
581,Swanna,Water,Flying,693,94,229,44,226,75,25,5,FALSE
606,Beheeyem,Psychic,,829,214,239,136,81,41,118,5,FALSE
655,Delphox,Fire,Psychic,1074,142,180,206,88,221,237,6,FALSE
676,Furfrou,Normal,,989,193,79,241,223,7,246,6,FALSE
711,GourgeistLarge Size,Ghost,Grass,882,184,16,245,209,194,34,6,FALSE
392,Infernape,Fire,Fighting,751,25,43,254,71,119,239,4,FALSE
422,Shellos,Water,,723,52,2,119,197,195,158,4,FALSE
441,Chatot,Normal,Flying,909,226,141,234,57,168,83,4,FALSE
517,Munna,Psychic,,764,119,21,103,108,222,191,5,FALSE
612,Haxorus,Dragon,,510,96,130,23,8,29,224,5,FALSE
402,Kricketune,Bug,,912,159,249,50,171,61,222,4,FALSE
621,Druddigon,Dragon,,683,27,113,154,12,125,252,5,FALSE
698,Amaura,Rock,Ice,804,148,228,107,5,154,162,6,FALSE
6,Charizard,Fire,Flying,973,84,228,89,226,191,155,1,FALSE
6,CharizardMega Charizard X,Fire,Dragon,1150,237,219,236,187,246,25,1,FALSE
6,CharizardMega Charizard Y,Fire,Flying,1225,194,244,207,156,184,240,1,FALSE
157,Typhlosion,Fire,,509,106,1,10,197,168,27,2,FALSE
264,Linoone,Normal,,833,60,26,86,237,249,175,3,FALSE
663,Talonflame,Fire,Flying,737,140,111,220,219,45,2,6,FALSE
671,Florges,Fairy,,687,152,6,44,209,237,39,6,FALSE
682,Spritzee,Fairy,,1032,159,116,118,208,244,187,6,FALSE
701,Hawlucha,Fighting,Flying,542,35,250,94,154,1,8,6,FALSE
9,Blastoise,Water,,556,73,3,24,67,233,156,1,FALSE
9,BlastoiseMega Blastoise,Water,,710,237,78,226,42,46,81,1,FALSE
400,Bibarel,Normal,Water,1144,251,206,125,209,245,108,4,FALSE
641,TornadusIncarnate Forme,Flying,,817,215,46,42,130,232,152,5,TRUE
641,TornadusTherian Forme,Flying,,1021,116,158,183,176,173,215,5,TRUE
642,ThundurusIncarnate Forme,Electric,Flying,903,191,112,84,141,207,168,5,TRUE
642,ThundurusTherian Forme,Electric,Flying,604,54,221,7,160,68,94,5,TRUE
3,Venusaur,Grass,Poison,827,234,110,82,197,190,14,1,FALSE
3,VenusaurMega Venusaur,Grass,Poison,743,196,41,222,36,14,234,1,FALSE
55,Golduck,Water,,1084,188,77,229,200,140,250,1,FALSE
67,Machoke,Fighting,,1118,117,221,102,228,215,235,1,FALSE
71,Victreebel,Grass,Poison,864,194,90,152,200,186,42,1,FALSE
73,Tentacruel,Water,Poison,1042,210,228,98,162,191,153,1,FALSE
76,Golem,Rock,Ground,627,232,158,54,133,8,42,1,FALSE
88,Grimer,Poison,,810,108,191,40,46,176,249,1,FALSE
111,Rhyhorn,Ground,Rock,808,238,5,135,127,55,248,1,FALSE
119,Seaking,Water,,1015,126,173,185,125,200,206,1,FALSE
142,Aerodactyl,Rock,Flying,576,159,78,83,47,37,172,1,FALSE
142,AerodactylMega Aerodactyl,Rock,Flying,628,100,13,95,176,130,114,1,FALSE
154,Meganium,Grass,,984,77,250,221,164,189,83,2,FALSE
214,Heracross,Bug,Fighting,551,58,116,212,26,128,11,2,FALSE
214,HeracrossMega Heracross,Bug,Fighting,889,179,88,146,211,170,95,2,FALSE
257,Blaziken,Fire,Fighting,747,177,132,36,133,131,138,3,FALSE
257,BlazikenMega Blaziken,Fire,Fighting,438,49,101,48,0,175,65,3,FALSE
272,Ludicolo,Water,Grass,665,25,142,236,98,104,60,3,FALSE
288,Vigoroth,Normal,,833,247,155,118,6,116,191,3,FALSE
326,Grumpig,Psychic,,780,216,83,81,99,103,198,3,FALSE
330,Flygon,Ground,Dragon,810,59,228,197,219,60,47,3,FALSE
362,Glalie,Ice,,837,66,194,174,30,199,174,3,FALSE
362,GlalieMega Glalie,Ice,,335,27,145,21,14,69,59,3,FALSE
376,Metagross,Steel,Psychic,900,84,161,145,155,233,122,3,FALSE
376,MetagrossMega Metagross,Steel,Psychic,814,170,123,115,63,166,177,3,FALSE
377,Regirock,Rock,,976,182,96,183,231,29,255,3,TRUE
378,Regice,Ice,,697,177,83,77,248,27,85,3,TRUE
379,Registeel,Steel,,878,141,180,60,111,208,178,3,TRUE
380,Latias,Dragon,Psychic,749,77,247,34,173,33,185,3,TRUE
380,LatiasMega Latias,Dragon,Psychic,572,167,70,47,96,50,142,3,TRUE
381,Latios,Dragon,Psychic,783,177,43,238,159,26,140,3,TRUE
381,LatiosMega Latios,Dragon,Psychic,672,206,99,28,21,139,179,3,TRUE
405,Luxray,Electric,,615,114,97,200,140,5,59,4,FALSE
481,Mesprit,Psychic,,795,103,140,171,42,244,95,4,TRUE
489,Phione,Water,,739,248,123,131,131,102,4,4,FALSE
521,Unfezant,Normal,Flying,1067,249,188,242,110,60,218,5,FALSE
569,Garbodor,Poison,,1127,186,245,208,225,146,117,5,FALSE
586,Sawsbuck,Normal,Grass,958,125,147,151,169,168,198,5,FALSE
617,Accelgor,Bug,,1013,210,17,227,133,244,182,5,FALSE
666,Vivillon,Bug,Flying,984,42,242,154,249,148,149,6,FALSE
720,HoopaHoopa Confined,Psychic,Ghost,816,121,138,243,134,137,43,6,TRUE
720,HoopaHoopa Unbound,Psychic,Dark,344,9,12,109,36,23,155,6,TRUE
721,Volcanion,Fire,Water,1130,220,254,201,241,157,57,6,TRUE
34,Nidoking,Poison,Ground,604,37,140,24,180,102,121,1,FALSE
685,Slurpuff,Fairy,,709,189,59,218,62,133,48,6,FALSE
697,Tyrantrum,Rock,Dragon,374,24,50,28,43,115,114,6,FALSE
18,Pidgeot,Normal,Flying,819,41,151,188,168,138,133,1,FALSE
18,PidgeotMega Pidgeot,Normal,Flying,1025,154,250,253,165,6,197,1,FALSE
454,Toxicroak,Poison,Fighting,913,71,65,190,96,253,238,4,FALSE
294,Loudred,Normal,,544,140,181,83,1,8,131,3,FALSE
395,Empoleon,Water,Steel,609,239,171,106,39,1,53,4,FALSE
97,Hypno,Psychic,,1021,51,127,255,213,212,163,1,FALSE
160,Feraligatr,Water,,871,154,243,139,47,243,45,2,FALSE
162,Furret,Normal,,667,56,153,236,46,113,63,2,FALSE
169,Crobat,Poison,Flying,884,235,109,156,162,44,178,2,FALSE
233,Porygon2,Normal,,1027,96,182,189,220,183,157,2,FALSE
398,Staraptor,Normal,Flying,626,221,35,55,241,65,9,4,FALSE
419,Floatzel,Water,,984,155,172,239,244,2,172,4,FALSE
468,Togekiss,Fairy,Flying,992,14,187,139,202,249,201,4,FALSE
474,Porygon-Z,Normal,,747,135,199,144,19,34,216,4,FALSE
508,Stoutland,Normal,,708,208,188,33,109,75,95,5,FALSE
526,Gigalith,Rock,,542,170,1,47,56,101,167,5,FALSE
533,Gurdurr,Fighting,,813,162,184,127,143,111,86,5,FALSE
604,Eelektross,Electric,,669,134,90,22,106,169,148,5,FALSE
631,Heatmor,Fire,,526,123,33,26,117,125,102,5,FALSE
637,Volcarona,Bug,Fire,541,31,92,184,15,7,212,5,FALSE
660,Diggersby,Normal,Ground,1101,247,255,175,63,110,251,6,FALSE
709,Trevenant,Ghost,Grass,873,96,191,240,133,134,79,6,FALSE
711,GourgeistSuper Size,Ghost,Grass,935,213,74,228,235,146,39,6,FALSE
715,Noivern,Flying,Dragon,836,229,51,220,56,117,163,6,FALSE
346,Cradily,Rock,Grass,847,167,97,138,114,126,205,3,FALSE
469,Yanmega,Bug,Flying,1090,138,228,189,199,195,141,4,FALSE
668,Pyroar,Fire,Normal,696,150,226,107,85,55,73,6,FALSE
687,Malamar,Dark,Psychic,709,232,37,82,121,120,117,6,FALSE
652,Chesnaught,Grass,Fighting,987,152,112,241,214,45,223,6,FALSE
623,Golurk,Ground,Ghost,604,229,54,85,100,83,53,5,FALSE
645,LandorusIncarnate Forme,Ground,Flying,485,2,19,150,249,3,62,5,TRUE
645,LandorusTherian Forme,Ground,Flying,558,15,249,141,128,19,6,5,TRUE
31,Nidoqueen,Poison,Ground,645,172,22,243,84,72,52,1,FALSE
59,Arcanine,Fire,,623,184,99,97,17,190,36,1,FALSE
62,Poliwrath,Water,Fighting,897,221,252,45,196,32,151,1,FALSE
68,Machamp,Fighting,,839,202,214,186,13,3,221,1,FALSE
79,Slowpoke,Water,Psychic,1035,90,132,213,252,192,156,1,FALSE
87,Dewgong,Water,Ice,646,37,132,103,244,76,54,1,FALSE
108,Lickitung,Normal,,744,207,80,122,96,151,88,1,FALSE
144,Articuno,Ice,Flying,803,101,175,155,178,94,100,1,TRUE
145,Zapdos,Electric,Flying,819,233,18,101,89,203,175,1,TRUE
146,Moltres,Fire,Flying,765,92,32,186,155,89,211,1,TRUE
174,Igglybuff,Normal,Fairy,1011,247,229,129,153,233,20,2,FALSE
181,Ampharos,Electric,,558,140,7,149,58,162,42,2,FALSE
181,AmpharosMega Ampharos,Electric,Dragon,504,91,30,224,2,50,107,2,FALSE
186,Politoed,Water,,661,223,236,7,60,102,33,2,FALSE
210,Granbull,Fairy,,610,222,188,51,99,48,2,2,FALSE
217,Ursaring,Normal,,860,208,87,166,48,110,241,2,FALSE
231,Phanpy,Ground,,819,208,135,93,50,208,125,2,FALSE
232,Donphan,Ground,,1165,125,183,210,201,253,193,2,FALSE
243,Raikou,Electric,,529,58,157,71,9,53,181,2,TRUE
275,Shiftry,Grass,Dark,509,39,23,42,154,20,231,3,FALSE
364,Sealeo,Ice,Water,1088,137,130,202,176,196,247,3,FALSE
425,Drifloon,Ghost,Flying,776,91,20,237,220,197,11,4,FALSE
460,Abomasnow,Grass,Ice,1135,127,210,250,227,194,127,4,FALSE
460,AbomasnowMega Abomasnow,Grass,Ice,783,146,19,143,141,247,87,4,FALSE
484,Palkia,Water,Dragon,774,93,115,118,121,181,146,4,TRUE
499,Pignite,Fire,Fighting,730,25,97,32,166,244,166,5,FALSE
706,Goodra,Dragon,,687,111,14,98,185,137,142,6,FALSE
149,Dragonite,Dragon,Flying,1007,205,204,195,221,139,43,1,FALSE
485,Heatran,Fire,Steel,858,113,133,106,183,70,253,4,TRUE
638,Cobalion,Steel,Fighting,610,207,35,83,193,6,86,5,TRUE
639,Terrakion,Rock,Fighting,621,59,142,144,82,42,152,5,TRUE
640,Virizion,Grass,Fighting,765,99,200,137,82,46,201,5,TRUE
647,KeldeoOrdinary Forme,Water,Fighting,707,89,21,160,50,179,208,5,FALSE
647,KeldeoResolute Forme,Water,Fighting,755,123,37,96,138,171,190,5,FALSE
635,Hydreigon,Dark,Dragon,733,152,156,146,165,108,6,5,FALSE
36,Clefable,Fairy,,556,57,49,104,10,161,175,1,FALSE
80,Slowbro,Water,Psychic,814,179,182,16,182,163,92,1,FALSE
80,SlowbroMega Slowbro,Water,Psychic,955,211,184,180,164,52,164,1,FALSE
103,Exeggutor,Grass,Psychic,819,111,206,101,254,7,140,1,FALSE
130,Gyarados,Water,Flying,773,173,92,46,203,49,210,1,FALSE
130,GyaradosMega Gyarados,Water,Dark,1128,142,245,212,111,202,216,1,FALSE
195,Quagsire,Water,Ground,1237,251,129,154,249,224,230,2,FALSE
197,Umbreon,Dark,,711,0,154,3,237,162,155,2,FALSE
199,Slowking,Water,Psychic,537,193,4,16,67,122,135,2,FALSE
241,Miltank,Normal,,563,47,146,36,114,139,81,2,FALSE
350,Milotic,Water,,500,94,73,121,88,19,105,3,FALSE
360,Wynaut,Psychic,,671,202,17,74,40,122,216,3,FALSE
373,Salamence,Dragon,Flying,908,221,63,103,206,127,188,3,FALSE
373,SalamenceMega Salamence,Dragon,Flying,847,254,192,115,28,35,223,3,FALSE
389,Torterra,Grass,Ground,1016,239,121,193,233,47,183,4,FALSE
503,Samurott,Water,,691,40,34,195,176,11,235,5,FALSE
553,Krookodile,Ground,Dark,921,123,127,233,49,177,212,5,FALSE
614,Beartic,Ice,,467,165,82,97,70,20,33,5,FALSE
626,Bouffalant,Normal,,892,189,88,193,64,178,180,5,FALSE
675,Pangoro,Fighting,Dark,715,152,172,26,83,250,32,6,FALSE
700,Sylveon,Fairy,,1005,175,214,1,233,197,185,6,FALSE
713,Avalugg,Ice,,532,94,129,42,25,166,76,6,FALSE
409,Rampardos,Rock,,606,136,59,2,19,180,210,4,FALSE
357,Tropius,Grass,Flying,695,23,93,39,247,250,43,3,FALSE
151,Mew,Psychic,,665,170,45,217,12,111,110,1,FALSE
164,Noctowl,Normal,Flying,1010,118,187,125,158,238,184,2,FALSE
184,Azumarill,Water,Fairy,1092,142,242,180,105,183,240,2,FALSE
206,Dunsparce,Normal,,556,254,46,152,78,13,13,2,FALSE
221,Piloswine,Ice,Ground,733,35,45,171,140,211,131,2,FALSE
245,Suicune,Water,,884,191,10,246,249,120,68,2,TRUE
248,Tyranitar,Rock,Dark,606,228,62,143,32,43,98,2,FALSE
248,TyranitarMega Tyranitar,Rock,Dark,900,33,234,128,179,173,153,2,FALSE
251,Celebi,Psychic,Grass,1014,205,214,157,115,154,169,2,FALSE
260,Swampert,Water,Ground,1100,213,225,240,134,53,235,3,FALSE
260,SwampertMega Swampert,Water,Ground,684,163,45,167,5,165,139,3,FALSE
317,Swalot,Poison,,578,156,6,35,96,148,137,3,FALSE
369,Relicanth,Water,Rock,1176,231,221,249,74,172,229,3,FALSE
382,Kyogre,Water,,1162,236,246,184,159,145,192,3,TRUE
382,KyogrePrimal Kyogre,Water,,604,39,98,196,14,244,13,3,TRUE
383,Groudon,Ground,,671,217,145,2,159,37,111,3,TRUE
383,GroudonPrimal Groudon,Ground,Fire,550,26,167,13,96,230,18,3,TRUE
385,Jirachi,Steel,Psychic,732,2,231,198,242,36,23,3,TRUE
430,Honchkrow,Dark,Flying,616,191,64,90,147,108,16,4,FALSE
440,Happiny,Normal,,1097,187,236,71,241,204,158,4,FALSE
465,Tangrowth,Grass,,1171,166,253,161,226,177,188,4,FALSE
483,Dialga,Steel,Dragon,962,175,154,159,158,133,183,4,TRUE
490,Manaphy,Water,,1174,213,141,254,124,255,187,4,FALSE
492,ShayminLand Forme,Grass,,940,246,60,241,141,220,32,4,TRUE
492,ShayminSky Forme,Grass,Flying,705,101,159,171,62,46,166,4,TRUE
494,Victini,Psychic,Fire,540,141,137,74,110,45,33,5,TRUE
593,Jellicent,Water,Ghost,801,55,30,110,171,188,247,5,FALSE
628,Braviary,Normal,Flying,805,7,212,122,207,252,5,5,FALSE
643,Reshiram,Dragon,Fire,753,72,222,162,51,1,245,5,TRUE
644,Zekrom,Dragon,Electric,861,236,201,194,175,44,11,5,TRUE
648,MeloettaAria Forme,Normal,Psychic,966,226,118,238,113,148,123,5,FALSE
648,MeloettaPirouette Forme,Normal,Fighting,522,77,44,183,42,88,88,5,FALSE
683,Aromatisse,Fairy,,710,110,143,70,244,59,84,6,FALSE
435,Skuntank,Poison,Dark,746,152,116,197,223,33,25,4,FALSE
531,Audino,Normal,,689,70,73,18,144,163,221,5,FALSE
531,AudinoMega Audino,Normal,Fairy,879,82,37,168,211,168,213,5,FALSE
295,Exploud,Normal,,1089,93,103,239,215,195,244,3,FALSE
89,Muk,Poison,,565,186,139,50,22,97,71,1,FALSE
112,Rhydon,Ground,Rock,549,63,25,85,200,176,0,1,FALSE
115,Kangaskhan,Normal,,455,17,94,172,9,84,79,1,FALSE
115,KangaskhanMega Kangaskhan,Normal,,734,71,25,178,220,147,93,1,FALSE
384,Rayquaza,Dragon,Flying,730,59,161,232,82,95,101,3,TRUE
384,RayquazaMega Rayquaza,Dragon,Flying,704,185,192,4,200,85,38,3,TRUE
534,Conkeldurr,Fighting,,530,37,104,101,153,124,11,5,FALSE
537,Seismitoad,Water,Ground,810,100,170,52,131,130,227,5,FALSE
555,DarmanitanStandard Mode,Fire,,687,100,129,93,0,116,249,5,FALSE
555,DarmanitanZen Mode,Fire,Psychic,871,127,63,148,158,216,159,5,FALSE
150,Mewtwo,Psychic,,651,42,209,142,41,159,58,1,TRUE
150,MewtwoMega Mewtwo X,Psychic,Fighting,721,54,4,238,232,97,96,1,TRUE
150,MewtwoMega Mewtwo Y,Psychic,,240,58,26,13,24,94,25,1,TRUE
249,Lugia,Psychic,Flying,775,217,162,20,78,55,243,2,TRUE
250,Ho-oh,Fire,Flying,512,28,106,108,14,71,185,2,TRUE
445,Garchomp,Dragon,Ground,712,60,146,234,182,55,35,4,FALSE
445,GarchompMega Garchomp,Dragon,Ground,391,255,56,33,28,4,15,4,FALSE
450,Hippowdon,Ground,,703,252,87,23,82,171,88,4,FALSE
718,Zygarde50% Forme,Dragon,Ground,738,76,204,78,108,128,144,6,TRUE
618,Stunfisk,Ground,Electric,744,179,24,143,163,211,24,5,FALSE
340,Whiscash,Water,Ground,841,190,172,92,41,147,199,3,FALSE
365,Walrein,Ice,Water,811,79,125,76,46,250,235,3,FALSE
463,Lickilicky,Normal,,815,162,144,39,78,225,167,4,FALSE
473,Mamoswine,Ice,Ground,731,28,116,113,200,70,204,4,FALSE
486,Regigigas,Normal,,1135,253,245,124,114,170,229,4,TRUE
500,Emboar,Fire,Fighting,879,231,138,127,52,147,184,5,FALSE
530,Excadrill,Ground,Steel,955,65,227,34,208,189,232,5,FALSE
579,Reuniclus,Psychic,,920,214,147,43,181,92,243,5,FALSE
630,Mandibuzz,Dark,Flying,991,112,55,207,137,239,241,5,FALSE
423,Gastrodon,Water,Ground,754,80,164,250,78,92,90,4,FALSE
591,Amoonguss,Grass,Poison,482,31,147,171,4,88,41,5,FALSE
39,Jigglypuff,Normal,Fairy,806,228,79,14,158,251,76,1,FALSE
244,Entei,Fire,,825,195,249,117,132,62,70,2,TRUE
464,Rhyperior,Ground,Rock,1087,176,60,170,225,244,212,4,FALSE
518,Musharna,Psychic,,463,115,74,37,79,110,48,5,FALSE
488,Cresselia,Psychic,,1055,226,193,54,236,224,122,4,FALSE
493,Arceus,Normal,,902,209,185,150,209,8,141,4,TRUE
538,Throh,Fighting,,648,45,32,213,84,53,221,5,FALSE
673,Gogoat,Grass,,511,34,126,43,38,71,199,6,FALSE
699,Aurorus,Rock,Ice,676,70,129,196,101,39,141,6,FALSE
171,Lanturn,Water,Electric,864,217,148,100,177,145,77,2,FALSE
646,Kyurem,Dragon,Ice,702,181,65,124,72,72,188,5,TRUE
646,KyuremBlack Kyurem,Dragon,Ice,845,118,89,53,211,171,203,5,TRUE
646,KyuremWhite Kyurem,Dragon,Ice,834,215,204,85,167,142,21,5,TRUE
716,Xerneas,Fairy,,836,229,92,38,165,226,86,6,TRUE
717,Yveltal,Dark,Flying,791,240,209,115,103,72,52,6,TRUE
131,Lapras,Water,Ice,713,211,141,93,103,53,112,1,FALSE
134,Vaporeon,Water,,551,135,36,24,16,161,179,1,FALSE
320,Wailmer,Water,,1040,80,168,183,150,246,213,3,FALSE
446,Munchlax,Normal,,853,39,132,227,150,121,184,4,FALSE
40,Wigglytuff,Normal,Fairy,902,139,188,85,210,210,70,1,FALSE
297,Hariyama,Fighting,,971,215,173,144,175,181,83,3,FALSE
289,Slaking,Normal,,920,220,162,205,97,66,170,3,FALSE
426,Drifblim,Ghost,Flying,827,255,155,73,18,122,204,4,FALSE
487,GiratinaAltered Forme,Ghost,Dragon,769,124,39,164,152,62,228,4,TRUE
487,GiratinaOrigin Forme,Ghost,Dragon,717,62,14,61,119,210,251,4,TRUE
143,Snorlax,Normal,,791,162,133,105,181,163,47,1,FALSE
594,Alomomola,Water,,1067,207,251,214,152,164,79,5,FALSE
321,Wailord,Water,,725,75,254,9,34,157,196,3,FALSE
202,Wobbuffet,Psychic,,796,189,63,233,153,72,86,2,FALSE
113,Chansey,Normal,,815,206,226,52,237,23,71,1,FALSE
242,Blissey,Normal,,886,60,174,139,155,182,176,2,FALSE
